frame_idx,ts_ns,ts_iso,frame_file
0,1501119666,2025-10-04T12:35:21.668,frame_000000.png
1,1631505041,2025-10-04T12:35:21.798,frame_000001.png
2,1731394125,2025-10-04T12:35:21.898,frame_000002.png
3,1831616125,2025-10-04T12:35:21.998,frame_000003.png
4,1931571916,2025-10-04T12:35:22.098,frame_000004.png
5,2035125458,2025-10-04T12:35:22.202,frame_000005.png
6,2131669125,2025-10-04T12:35:22.298,frame_000006.png
7,2236662291,2025-10-04T12:35:22.403,frame_000007.png
8,2335981208,2025-10-04T12:35:22.502,frame_000008.png
9,2435099458,2025-10-04T12:35:22.602,frame_000009.png
10,2537383041,2025-10-04T12:35:22.704,frame_000010.png
11,2635881791,2025-10-04T12:35:22.802,frame_000011.png
12,2738562458,2025-10-04T12:35:22.905,frame_000012.png
13,2835219458,2025-10-04T12:35:23.002,frame_000013.png
14,2938928375,2025-10-04T12:35:23.105,frame_000014.png
15,3034883666,2025-10-04T12:35:23.201,frame_000015.png
16,3138464916,2025-10-04T12:35:23.305,frame_000016.png
17,3234546208,2025-10-04T12:35:23.401,frame_000017.png
18,3339082791,2025-10-04T12:35:23.505,frame_000018.png
19,3432501333,2025-10-04T12:35:23.599,frame_000019.png
20,3537753375,2025-10-04T12:35:23.704,frame_000020.png
21,3638793375,2025-10-04T12:35:23.805,frame_000021.png
22,3736910833,2025-10-04T12:35:23.903,frame_000022.png
23,3838703083,2025-10-04T12:35:24.005,frame_000023.png
24,3937628458,2025-10-04T12:35:24.104,frame_000024.png
25,4034750875,2025-10-04T12:35:24.201,frame_000025.png
26,4138355291,2025-10-04T12:35:24.305,frame_000026.png
27,4236433750,2025-10-04T12:35:24.403,frame_000027.png
28,4337753708,2025-10-04T12:35:24.504,frame_000028.png
29,4438785208,2025-10-04T12:35:24.605,frame_000029.png
30,4538025166,2025-10-04T12:35:24.704,frame_000030.png
31,4639022958,2025-10-04T12:35:24.805,frame_000031.png
32,4738250666,2025-10-04T12:35:24.905,frame_000032.png
33,4838043208,2025-10-04T12:35:25.004,frame_000033.png
34,4937463083,2025-10-04T12:35:25.104,frame_000034.png
35,5033310500,2025-10-04T12:35:25.200,frame_000035.png
36,5139654791,2025-10-04T12:35:25.306,frame_000036.png
37,5238261750,2025-10-04T12:35:25.405,frame_000037.png
38,5339108708,2025-10-04T12:35:25.506,frame_000038.png
39,5439098833,2025-10-04T12:35:25.606,frame_000039.png
40,5539979208,2025-10-04T12:35:25.706,frame_000040.png
41,5633210666,2025-10-04T12:35:25.800,frame_000041.png
42,5733682541,2025-10-04T12:35:25.900,frame_000042.png
43,5806400916,2025-10-04T12:35:25.973,frame_000043.png
44,5905387666,2025-10-04T12:35:26.072,frame_000044.png
45,6006391958,2025-10-04T12:35:26.173,frame_000045.png
46,6100474291,2025-10-04T12:35:26.267,frame_000046.png
47,6167880416,2025-10-04T12:35:26.334,frame_000047.png
48,6270820708,2025-10-04T12:35:26.437,frame_000048.png
49,6372002916,2025-10-04T12:35:26.538,frame_000049.png
50,6468633208,2025-10-04T12:35:26.635,frame_000050.png
51,6571863000,2025-10-04T12:35:26.738,frame_000051.png
52,6670487250,2025-10-04T12:35:26.837,frame_000052.png
53,6772348250,2025-10-04T12:35:26.939,frame_000053.png
54,6867495458,2025-10-04T12:35:27.034,frame_000054.png
55,6970368750,2025-10-04T12:35:27.137,frame_000055.png
56,7069458583,2025-10-04T12:35:27.236,frame_000056.png
57,7168500291,2025-10-04T12:35:27.335,frame_000057.png
58,7268452541,2025-10-04T12:35:27.435,frame_000058.png
59,7369212750,2025-10-04T12:35:27.536,frame_000059.png
60,7467755250,2025-10-04T12:35:27.634,frame_000060.png
61,7573708250,2025-10-04T12:35:27.740,frame_000061.png
62,7667888583,2025-10-04T12:35:27.834,frame_000062.png
63,7769817708,2025-10-04T12:35:27.936,frame_000063.png
64,7868151083,2025-10-04T12:35:28.035,frame_000064.png
65,7973507541,2025-10-04T12:35:28.140,frame_000065.png
66,8073001958,2025-10-04T12:35:28.239,frame_000066.png
67,8169438291,2025-10-04T12:35:28.336,frame_000067.png
68,8268528291,2025-10-04T12:35:28.435,frame_000068.png
69,8373891250,2025-10-04T12:35:28.540,frame_000069.png
70,8473187458,2025-10-04T12:35:28.640,frame_000070.png
71,8569699541,2025-10-04T12:35:28.736,frame_000071.png
72,8668583625,2025-10-04T12:35:28.835,frame_000072.png
73,8774103625,2025-10-04T12:35:28.941,frame_000073.png
74,8874165875,2025-10-04T12:35:29.041,frame_000074.png
75,8970010250,2025-10-04T12:35:29.136,frame_000075.png
76,9073538458,2025-10-04T12:35:29.240,frame_000076.png
77,9173280291,2025-10-04T12:35:29.340,frame_000077.png
78,9269295625,2025-10-04T12:35:29.436,frame_000078.png
79,9370366208,2025-10-04T12:35:29.537,frame_000079.png
80,9470363583,2025-10-04T12:35:29.637,frame_000080.png
81,9575890791,2025-10-04T12:35:29.742,frame_000081.png
82,9668938916,2025-10-04T12:35:29.835,frame_000082.png
83,9775860125,2025-10-04T12:35:29.942,frame_000083.png
84,9869099625,2025-10-04T12:35:30.036,frame_000084.png
85,9973888791,2025-10-04T12:35:30.140,frame_000085.png
86,10072503583,2025-10-04T12:35:30.239,frame_000086.png
87,10172999583,2025-10-04T12:35:30.339,frame_000087.png
88,10269258708,2025-10-04T12:35:30.436,frame_000088.png
89,10375557083,2025-10-04T12:35:30.542,frame_000089.png
90,10473549083,2025-10-04T12:35:30.640,frame_000090.png
91,10573992083,2025-10-04T12:35:30.740,frame_000091.png
92,10669244000,2025-10-04T12:35:30.836,frame_000092.png
93,10771124125,2025-10-04T12:35:30.938,frame_000093.png
94,10869673083,2025-10-04T12:35:31.036,frame_000094.png
95,10971543458,2025-10-04T12:35:31.138,frame_000095.png
96,11070163666,2025-10-04T12:35:31.237,frame_000096.png
97,11170984583,2025-10-04T12:35:31.337,frame_000097.png
98,11270042541,2025-10-04T12:35:31.436,frame_000098.png
99,11371240583,2025-10-04T12:35:31.538,frame_000099.png
100,11470329250,2025-10-04T12:35:31.637,frame_000100.png
101,11575179833,2025-10-04T12:35:31.742,frame_000101.png
102,11674777208,2025-10-04T12:35:31.841,frame_000102.png
103,11774815416,2025-10-04T12:35:31.941,frame_000103.png
104,11870072750,2025-10-04T12:35:32.036,frame_000104.png
105,11976478083,2025-10-04T12:35:32.143,frame_000105.png
106,12073966000,2025-10-04T12:35:32.240,frame_000106.png
107,12176480041,2025-10-04T12:35:32.343,frame_000107.png
108,12270198708,2025-10-04T12:35:32.437,frame_000108.png
109,12376212958,2025-10-04T12:35:32.543,frame_000109.png
110,12472504791,2025-10-04T12:35:32.639,frame_000110.png
111,12576536958,2025-10-04T12:35:32.743,frame_000111.png
112,12670661083,2025-10-04T12:35:32.837,frame_000112.png
113,12776496333,2025-10-04T12:35:32.943,frame_000113.png
114,12875120500,2025-10-04T12:35:33.042,frame_000114.png
115,12977032458,2025-10-04T12:35:33.143,frame_000115.png
116,13075060625,2025-10-04T12:35:33.241,frame_000116.png
117,13176609458,2025-10-04T12:35:33.343,frame_000117.png
118,13274566375,2025-10-04T12:35:33.441,frame_000118.png
119,13377330875,2025-10-04T12:35:33.544,frame_000119.png
120,13472733291,2025-10-04T12:35:33.639,frame_000120.png
121,13576936708,2025-10-04T12:35:33.743,frame_000121.png
122,13675373166,2025-10-04T12:35:33.842,frame_000122.png
123,13776542500,2025-10-04T12:35:33.943,frame_000123.png
124,13875674250,2025-10-04T12:35:34.042,frame_000124.png
125,13977231541,2025-10-04T12:35:34.144,frame_000125.png
126,14076264041,2025-10-04T12:35:34.243,frame_000126.png
127,14178020458,2025-10-04T12:35:34.344,frame_000127.png
128,14275663333,2025-10-04T12:35:34.442,frame_000128.png
129,14376322250,2025-10-04T12:35:34.543,frame_000129.png
130,14475426333,2025-10-04T12:35:34.642,frame_000130.png
131,14575327333,2025-10-04T12:35:34.742,frame_000131.png
132,14674847250,2025-10-04T12:35:34.841,frame_000132.png
133,14775990750,2025-10-04T12:35:34.942,frame_000133.png
134,14876338000,2025-10-04T12:35:35.043,frame_000134.png
135,14977322458,2025-10-04T12:35:35.144,frame_000135.png
136,15071527791,2025-10-04T12:35:35.238,frame_000136.png
137,15177979625,2025-10-04T12:35:35.344,frame_000137.png
138,15275551000,2025-10-04T12:35:35.442,frame_000138.png
139,15376464500,2025-10-04T12:35:35.543,frame_000139.png
140,15471721250,2025-10-04T12:35:35.638,frame_000140.png
141,15577319625,2025-10-04T12:35:35.744,frame_000141.png
142,15675916458,2025-10-04T12:35:35.842,frame_000142.png
143,15776569000,2025-10-04T12:35:35.943,frame_000143.png
144,15875411750,2025-10-04T12:35:36.042,frame_000144.png
145,15977637041,2025-10-04T12:35:36.144,frame_000145.png
146,16076611583,2025-10-04T12:35:36.243,frame_000146.png
147,16177935333,2025-10-04T12:35:36.344,frame_000147.png
148,16272336125,2025-10-04T12:35:36.439,frame_000148.png
149,16378208166,2025-10-04T12:35:36.545,frame_000149.png
150,16472822916,2025-10-04T12:35:36.639,frame_000150.png
151,16578203000,2025-10-04T12:35:36.745,frame_000151.png
152,16673130791,2025-10-04T12:35:36.840,frame_000152.png
153,16777291916,2025-10-04T12:35:36.944,frame_000153.png
154,16877036166,2025-10-04T12:35:37.043,frame_000154.png
155,16978748541,2025-10-04T12:35:37.145,frame_000155.png
156,17072939500,2025-10-04T12:35:37.239,frame_000156.png
157,17178892791,2025-10-04T12:35:37.345,frame_000157.png
158,17276718875,2025-10-04T12:35:37.443,frame_000158.png
159,17379013833,2025-10-04T12:35:37.545,frame_000159.png
160,17472779541,2025-10-04T12:35:37.639,frame_000160.png
161,17579180166,2025-10-04T12:35:37.746,frame_000161.png
162,17677496250,2025-10-04T12:35:37.844,frame_000162.png
163,17779451958,2025-10-04T12:35:37.946,frame_000163.png
164,17872944041,2025-10-04T12:35:38.039,frame_000164.png
165,17979881375,2025-10-04T12:35:38.146,frame_000165.png
166,18077625958,2025-10-04T12:35:38.244,frame_000166.png
167,18180016458,2025-10-04T12:35:38.346,frame_000167.png
168,18273091500,2025-10-04T12:35:38.440,frame_000168.png
169,18380233250,2025-10-04T12:35:38.547,frame_000169.png
170,18477880833,2025-10-04T12:35:38.644,frame_000170.png
171,18578208083,2025-10-04T12:35:38.745,frame_000171.png
172,18673485958,2025-10-04T12:35:38.840,frame_000172.png
173,18778976416,2025-10-04T12:35:38.945,frame_000173.png
174,18879306916,2025-10-04T12:35:39.046,frame_000174.png
175,18978340458,2025-10-04T12:35:39.145,frame_000175.png
176,19073609250,2025-10-04T12:35:39.240,frame_000176.png
177,19179600041,2025-10-04T12:35:39.346,frame_000177.png
178,19277484833,2025-10-04T12:35:39.444,frame_000178.png
179,19377120583,2025-10-04T12:35:39.544,frame_000179.png
180,19474106166,2025-10-04T12:35:39.641,frame_000180.png
181,19578820625,2025-10-04T12:35:39.745,frame_000181.png
182,19677847666,2025-10-04T12:35:39.844,frame_000182.png
183,19779642375,2025-10-04T12:35:39.946,frame_000183.png
184,19873859500,2025-10-04T12:35:40.040,frame_000184.png
185,19976338583,2025-10-04T12:35:40.143,frame_000185.png
186,20078106750,2025-10-04T12:35:40.245,frame_000186.png
187,20176427666,2025-10-04T12:35:40.343,frame_000187.png
188,20275227916,2025-10-04T12:35:40.442,frame_000188.png
189,20377996583,2025-10-04T12:35:40.544,frame_000189.png
190,20474472625,2025-10-04T12:35:40.641,frame_000190.png
191,20577971875,2025-10-04T12:35:40.744,frame_000191.png
192,20675968041,2025-10-04T12:35:40.842,frame_000192.png
193,20780245916,2025-10-04T12:35:40.947,frame_000193.png
194,20873748833,2025-10-04T12:35:41.040,frame_000194.png
195,20979175583,2025-10-04T12:35:41.146,frame_000195.png
196,21076132291,2025-10-04T12:35:41.243,frame_000196.png
197,21177530500,2025-10-04T12:35:41.344,frame_000197.png
198,21274673458,2025-10-04T12:35:41.441,frame_000198.png
199,21379301208,2025-10-04T12:35:41.546,frame_000199.png
200,21475195791,2025-10-04T12:35:41.642,frame_000200.png
201,21577551958,2025-10-04T12:35:41.744,frame_000201.png
202,21675422000,2025-10-04T12:35:41.842,frame_000202.png
203,21777832708,2025-10-04T12:35:41.944,frame_000203.png
204,21876234625,2025-10-04T12:35:42.043,frame_000204.png
205,21979062666,2025-10-04T12:35:42.145,frame_000205.png
206,22075146916,2025-10-04T12:35:42.242,frame_000206.png
207,22178823416,2025-10-04T12:35:42.345,frame_000207.png
208,22279546583,2025-10-04T12:35:42.446,frame_000208.png
209,22378619500,2025-10-04T12:35:42.545,frame_000209.png
210,22475307416,2025-10-04T12:35:42.642,frame_000210.png
211,22578137958,2025-10-04T12:35:42.745,frame_000211.png
212,22676956583,2025-10-04T12:35:42.843,frame_000212.png
213,22777894000,2025-10-04T12:35:42.944,frame_000213.png
214,22875583666,2025-10-04T12:35:43.042,frame_000214.png
215,22979019583,2025-10-04T12:35:43.145,frame_000215.png
216,23078920916,2025-10-04T12:35:43.245,frame_000216.png
217,23179853541,2025-10-04T12:35:43.346,frame_000217.png
218,23275560083,2025-10-04T12:35:43.442,frame_000218.png
219,23380941166,2025-10-04T12:35:43.547,frame_000219.png
220,23478530625,2025-10-04T12:35:43.645,frame_000220.png
221,23580972583,2025-10-04T12:35:43.747,frame_000221.png
222,23676144291,2025-10-04T12:35:43.843,frame_000222.png
223,23780563791,2025-10-04T12:35:43.947,frame_000223.png
224,23878789375,2025-10-04T12:35:44.045,frame_000224.png
225,23977232583,2025-10-04T12:35:44.144,frame_000225.png
226,24078642583,2025-10-04T12:35:44.245,frame_000226.png
227,24180748625,2025-10-04T12:35:44.347,frame_000227.png
228,24279500291,2025-10-04T12:35:44.446,frame_000228.png
229,24377363208,2025-10-04T12:35:44.544,frame_000229.png
230,24479628333,2025-10-04T12:35:44.646,frame_000230.png
231,24580013625,2025-10-04T12:35:44.746,frame_000231.png
232,24680037916,2025-10-04T12:35:44.846,frame_000232.png
233,24777820875,2025-10-04T12:35:44.944,frame_000233.png
234,24878095583,2025-10-04T12:35:45.045,frame_000234.png
235,24979699750,2025-10-04T12:35:45.146,frame_000235.png
236,25080106500,2025-10-04T12:35:45.247,frame_000236.png
237,25178336750,2025-10-04T12:35:45.345,frame_000237.png
238,25280087541,2025-10-04T12:35:45.447,frame_000238.png
239,25382146166,2025-10-04T12:35:45.549,frame_000239.png
240,25480357250,2025-10-04T12:35:45.647,frame_000240.png
241,25578146583,2025-10-04T12:35:45.745,frame_000241.png
242,25679105833,2025-10-04T12:35:45.846,frame_000242.png
243,25781793375,2025-10-04T12:35:45.948,frame_000243.png
244,25878993750,2025-10-04T12:35:46.045,frame_000244.png
245,25978417166,2025-10-04T12:35:46.145,frame_000245.png
246,26080346708,2025-10-04T12:35:46.247,frame_000246.png
247,26182013583,2025-10-04T12:35:46.348,frame_000247.png
248,26281014875,2025-10-04T12:35:46.447,frame_000248.png
249,26378646708,2025-10-04T12:35:46.545,frame_000249.png
250,26478016791,2025-10-04T12:35:46.644,frame_000250.png
251,26582238708,2025-10-04T12:35:46.749,frame_000251.png
252,26681106208,2025-10-04T12:35:46.848,frame_000252.png
253,26778492875,2025-10-04T12:35:46.945,frame_000253.png
254,26880985333,2025-10-04T12:35:47.047,frame_000254.png
255,26981222458,2025-10-04T12:35:47.148,frame_000255.png
256,27078747875,2025-10-04T12:35:47.245,frame_000256.png
257,27184236208,2025-10-04T12:35:47.351,frame_000257.png
258,27281540541,2025-10-04T12:35:47.448,frame_000258.png
259,27382969791,2025-10-04T12:35:47.549,frame_000259.png
260,27482122625,2025-10-04T12:35:47.649,frame_000260.png
261,27579153625,2025-10-04T12:35:47.746,frame_000261.png
262,27681444541,2025-10-04T12:35:47.848,frame_000262.png
263,27783316458,2025-10-04T12:35:47.950,frame_000263.png
264,27882507708,2025-10-04T12:35:48.049,frame_000264.png
265,27979099000,2025-10-04T12:35:48.146,frame_000265.png
266,28081664958,2025-10-04T12:35:48.248,frame_000266.png
267,28184017833,2025-10-04T12:35:48.350,frame_000267.png
268,28281502416,2025-10-04T12:35:48.448,frame_000268.png
269,28379627625,2025-10-04T12:35:48.546,frame_000269.png
270,28482177166,2025-10-04T12:35:48.649,frame_000270.png
271,28582922791,2025-10-04T12:35:48.749,frame_000271.png
272,28682576750,2025-10-04T12:35:48.849,frame_000272.png
273,28780070041,2025-10-04T12:35:48.946,frame_000273.png
274,28879110708,2025-10-04T12:35:49.046,frame_000274.png
275,28984264916,2025-10-04T12:35:49.151,frame_000275.png
276,29082595958,2025-10-04T12:35:49.249,frame_000276.png
277,29179842083,2025-10-04T12:35:49.346,frame_000277.png
278,29283472666,2025-10-04T12:35:49.450,frame_000278.png
279,29383860375,2025-10-04T12:35:49.550,frame_000279.png
280,29482006833,2025-10-04T12:35:49.648,frame_000280.png
281,29580058083,2025-10-04T12:35:49.746,frame_000281.png
282,29681675250,2025-10-04T12:35:49.848,frame_000282.png
283,29784571208,2025-10-04T12:35:49.951,frame_000283.png
284,29883020916,2025-10-04T12:35:50.049,frame_000284.png
285,29980443000,2025-10-04T12:35:50.147,frame_000285.png
286,30082538250,2025-10-04T12:35:50.249,frame_000286.png
287,30184912958,2025-10-04T12:35:50.351,frame_000287.png
288,30280298625,2025-10-04T12:35:50.447,frame_000288.png
289,30380745250,2025-10-04T12:35:50.547,frame_000289.png
290,30482635458,2025-10-04T12:35:50.649,frame_000290.png
291,30581531708,2025-10-04T12:35:50.748,frame_000291.png
292,30683916083,2025-10-04T12:35:50.850,frame_000292.png
293,30784315083,2025-10-04T12:35:50.951,frame_000293.png
294,30882907583,2025-10-04T12:35:51.049,frame_000294.png
295,30984789958,2025-10-04T12:35:51.151,frame_000295.png
296,31079537208,2025-10-04T12:35:51.246,frame_000296.png
297,31184949625,2025-10-04T12:35:51.351,frame_000297.png
298,31279747708,2025-10-04T12:35:51.446,frame_000298.png
299,31384765583,2025-10-04T12:35:51.551,frame_000299.png
300,31480244875,2025-10-04T12:35:51.647,frame_000300.png
301,31581016458,2025-10-04T12:35:51.747,frame_000301.png
302,31680910500,2025-10-04T12:35:51.847,frame_000302.png
303,31781354250,2025-10-04T12:35:51.948,frame_000303.png
304,31880038041,2025-10-04T12:35:52.046,frame_000304.png
305,31981370458,2025-10-04T12:35:52.148,frame_000305.png
306,32084075375,2025-10-04T12:35:52.250,frame_000306.png
307,32185689166,2025-10-04T12:35:52.352,frame_000307.png
308,32280091708,2025-10-04T12:35:52.447,frame_000308.png
309,32384355041,2025-10-04T12:35:52.551,frame_000309.png
310,32483245666,2025-10-04T12:35:52.650,frame_000310.png
311,32585163166,2025-10-04T12:35:52.752,frame_000311.png
312,32680643791,2025-10-04T12:35:52.847,frame_000312.png
313,32786932458,2025-10-04T12:35:52.953,frame_000313.png
314,32884323833,2025-10-04T12:35:53.051,frame_000314.png
315,32985664458,2025-10-04T12:35:53.152,frame_000315.png
316,33079979166,2025-10-04T12:35:53.246,frame_000316.png
317,33185124083,2025-10-04T12:35:53.352,frame_000317.png
318,33286923666,2025-10-04T12:35:53.453,frame_000318.png
319,33386561833,2025-10-04T12:35:53.553,frame_000319.png
320,33480507583,2025-10-04T12:35:53.647,frame_000320.png
321,33585730166,2025-10-04T12:35:53.752,frame_000321.png
322,33685045208,2025-10-04T12:35:53.851,frame_000322.png
323,33783789125,2025-10-04T12:35:53.950,frame_000323.png
324,33880995375,2025-10-04T12:35:54.047,frame_000324.png
325,33983695041,2025-10-04T12:35:54.150,frame_000325.png
326,34085658833,2025-10-04T12:35:54.252,frame_000326.png
327,34183415625,2025-10-04T12:35:54.350,frame_000327.png
328,34281431750,2025-10-04T12:35:54.448,frame_000328.png
329,34387578125,2025-10-04T12:35:54.554,frame_000329.png
330,34484428916,2025-10-04T12:35:54.651,frame_000330.png
331,34586200875,2025-10-04T12:35:54.753,frame_000331.png
332,34681262458,2025-10-04T12:35:54.848,frame_000332.png
333,34783492125,2025-10-04T12:35:54.950,frame_000333.png
334,34885608708,2025-10-04T12:35:55.052,frame_000334.png
335,34983455541,2025-10-04T12:35:55.150,frame_000335.png
336,35081895958,2025-10-04T12:35:55.248,frame_000336.png
337,35188753083,2025-10-04T12:35:55.355,frame_000337.png
338,35282270208,2025-10-04T12:35:55.449,frame_000338.png
339,35384306666,2025-10-04T12:35:55.551,frame_000339.png
340,35481839500,2025-10-04T12:35:55.648,frame_000340.png
341,35584327875,2025-10-04T12:35:55.751,frame_000341.png
342,35684722041,2025-10-04T12:35:55.851,frame_000342.png
343,35787920250,2025-10-04T12:35:55.954,frame_000343.png
344,35881854208,2025-10-04T12:35:56.048,frame_000344.png
345,35986026583,2025-10-04T12:35:56.152,frame_000345.png
346,36082914000,2025-10-04T12:35:56.249,frame_000346.png
347,36186378416,2025-10-04T12:35:56.353,frame_000347.png
348,36282054000,2025-10-04T12:35:56.448,frame_000348.png
349,36384471958,2025-10-04T12:35:56.551,frame_000349.png
350,36483147666,2025-10-04T12:35:56.650,frame_000350.png
351,36584349916,2025-10-04T12:35:56.751,frame_000351.png
352,36682568375,2025-10-04T12:35:56.849,frame_000352.png
353,36784463083,2025-10-04T12:35:56.951,frame_000353.png
354,36886204375,2025-10-04T12:35:57.053,frame_000354.png
355,36988661833,2025-10-04T12:35:57.155,frame_000355.png
356,37082581125,2025-10-04T12:35:57.249,frame_000356.png
357,37186293416,2025-10-04T12:35:57.353,frame_000357.png
358,37283647125,2025-10-04T12:35:57.450,frame_000358.png
359,37385580958,2025-10-04T12:35:57.552,frame_000359.png
360,37482619916,2025-10-04T12:35:57.649,frame_000360.png
361,37585348958,2025-10-04T12:35:57.752,frame_000361.png
362,37684831166,2025-10-04T12:35:57.851,frame_000362.png
363,37784314916,2025-10-04T12:35:57.951,frame_000363.png
364,37884187416,2025-10-04T12:35:58.051,frame_000364.png
365,37987782083,2025-10-04T12:35:58.154,frame_000365.png
366,38084787958,2025-10-04T12:35:58.251,frame_000366.png
367,38183847791,2025-10-04T12:35:58.350,frame_000367.png
368,38285485833,2025-10-04T12:35:58.452,frame_000368.png
369,38388500250,2025-10-04T12:35:58.555,frame_000369.png
370,38485869416,2025-10-04T12:35:58.652,frame_000370.png
371,38584703250,2025-10-04T12:35:58.751,frame_000371.png
372,38685611833,2025-10-04T12:35:58.852,frame_000372.png
373,38788613916,2025-10-04T12:35:58.955,frame_000373.png
374,38886476791,2025-10-04T12:35:59.053,frame_000374.png
375,38984888458,2025-10-04T12:35:59.151,frame_000375.png
376,39086495250,2025-10-04T12:35:59.253,frame_000376.png
377,39186741083,2025-10-04T12:35:59.353,frame_000377.png
378,39287143541,2025-10-04T12:35:59.454,frame_000378.png
379,39384702208,2025-10-04T12:35:59.551,frame_000379.png
380,39487092500,2025-10-04T12:35:59.654,frame_000380.png
381,39588417833,2025-10-04T12:35:59.755,frame_000381.png
382,39685829875,2025-10-04T12:35:59.852,frame_000382.png
383,39788618541,2025-10-04T12:35:59.955,frame_000383.png
384,39887454625,2025-10-04T12:36:00.054,frame_000384.png
385,39988880125,2025-10-04T12:36:00.155,frame_000385.png
386,40083907375,2025-10-04T12:36:00.250,frame_000386.png
387,40188728291,2025-10-04T12:36:00.355,frame_000387.png
388,40287669375,2025-10-04T12:36:00.454,frame_000388.png
389,40389055750,2025-10-04T12:36:00.555,frame_000389.png
390,40484056375,2025-10-04T12:36:00.650,frame_000390.png
391,40589142291,2025-10-04T12:36:00.756,frame_000391.png
392,40687826333,2025-10-04T12:36:00.854,frame_000392.png
393,40789214875,2025-10-04T12:36:00.956,frame_000393.png
394,40884424666,2025-10-04T12:36:01.051,frame_000394.png
395,40991048041,2025-10-04T12:36:01.157,frame_000395.png
396,41088556083,2025-10-04T12:36:01.255,frame_000396.png
397,41189566250,2025-10-04T12:36:01.356,frame_000397.png
398,41284672875,2025-10-04T12:36:01.451,frame_000398.png
399,41389583458,2025-10-04T12:36:01.556,frame_000399.png
400,41485340875,2025-10-04T12:36:01.652,frame_000400.png
401,41590441041,2025-10-04T12:36:01.757,frame_000401.png
402,41684593250,2025-10-04T12:36:01.851,frame_000402.png
403,41788912750,2025-10-04T12:36:01.955,frame_000403.png
404,41888609250,2025-10-04T12:36:02.055,frame_000404.png
405,41991737000,2025-10-04T12:36:02.158,frame_000405.png
406,42084835500,2025-10-04T12:36:02.251,frame_000406.png
407,42191788125,2025-10-04T12:36:02.358,frame_000407.png
408,42287542958,2025-10-04T12:36:02.454,frame_000408.png
409,42392143708,2025-10-04T12:36:02.559,frame_000409.png
410,42485277666,2025-10-04T12:36:02.652,frame_000410.png
411,42591141083,2025-10-04T12:36:02.758,frame_000411.png
412,42689446208,2025-10-04T12:36:02.856,frame_000412.png
413,42789064166,2025-10-04T12:36:02.955,frame_000413.png
414,42885249875,2025-10-04T12:36:03.052,frame_000414.png
415,42991239916,2025-10-04T12:36:03.158,frame_000415.png
416,43090654750,2025-10-04T12:36:03.257,frame_000416.png
417,43186938125,2025-10-04T12:36:03.353,frame_000417.png
418,43290865666,2025-10-04T12:36:03.457,frame_000418.png
419,43391013291,2025-10-04T12:36:03.557,frame_000419.png
420,43490492791,2025-10-04T12:36:03.657,frame_000420.png
421,43587260958,2025-10-04T12:36:03.754,frame_000421.png
422,43689202541,2025-10-04T12:36:03.856,frame_000422.png
423,43790991125,2025-10-04T12:36:03.957,frame_000423.png
424,43889727000,2025-10-04T12:36:04.056,frame_000424.png
425,43987495250,2025-10-04T12:36:04.154,frame_000425.png
426,44089082666,2025-10-04T12:36:04.255,frame_000426.png
427,44192157083,2025-10-04T12:36:04.359,frame_000427.png
428,44289852291,2025-10-04T12:36:04.456,frame_000428.png
429,44387642458,2025-10-04T12:36:04.554,frame_000429.png
430,44490366875,2025-10-04T12:36:04.657,frame_000430.png
431,44592556083,2025-10-04T12:36:04.759,frame_000431.png
432,44690856666,2025-10-04T12:36:04.857,frame_000432.png
433,44791161500,2025-10-04T12:36:04.958,frame_000433.png
434,44890107791,2025-10-04T12:36:05.057,frame_000434.png
435,44992784500,2025-10-04T12:36:05.159,frame_000435.png
436,45091436416,2025-10-04T12:36:05.258,frame_000436.png
437,45188345041,2025-10-04T12:36:05.355,frame_000437.png
438,45290627000,2025-10-04T12:36:05.457,frame_000438.png
439,45390350541,2025-10-04T12:36:05.557,frame_000439.png
440,45491914041,2025-10-04T12:36:05.658,frame_000440.png
441,45589114125,2025-10-04T12:36:05.756,frame_000441.png
442,45690697500,2025-10-04T12:36:05.857,frame_000442.png
443,45792780541,2025-10-04T12:36:05.959,frame_000443.png
444,45890281416,2025-10-04T12:36:06.057,frame_000444.png
445,45988282791,2025-10-04T12:36:06.155,frame_000445.png
446,46090950208,2025-10-04T12:36:06.257,frame_000446.png
447,46188799500,2025-10-04T12:36:06.355,frame_000447.png
448,46289981291,2025-10-04T12:36:06.456,frame_000448.png
449,46388288916,2025-10-04T12:36:06.555,frame_000449.png
450,46487440250,2025-10-04T12:36:06.654,frame_000450.png
451,46592173916,2025-10-04T12:36:06.759,frame_000451.png
452,46757748666,2025-10-04T12:36:06.924,frame_000452.png
453,46853387291,2025-10-04T12:36:07.020,frame_000453.png
454,46956539458,2025-10-04T12:36:07.123,frame_000454.png
455,47058739000,2025-10-04T12:36:07.225,frame_000455.png
456,47157612250,2025-10-04T12:36:07.324,frame_000456.png
457,47253937583,2025-10-04T12:36:07.420,frame_000457.png
458,47357693541,2025-10-04T12:36:07.524,frame_000458.png
459,47458800291,2025-10-04T12:36:07.625,frame_000459.png
460,47556620250,2025-10-04T12:36:07.723,frame_000460.png
461,47654674041,2025-10-04T12:36:07.821,frame_000461.png
462,47756817666,2025-10-04T12:36:07.923,frame_000462.png
463,47858814625,2025-10-04T12:36:08.025,frame_000463.png
464,47958309416,2025-10-04T12:36:08.125,frame_000464.png
465,48054758333,2025-10-04T12:36:08.221,frame_000465.png
466,48159441625,2025-10-04T12:36:08.326,frame_000466.png
467,48259149500,2025-10-04T12:36:08.426,frame_000467.png
468,48358993208,2025-10-04T12:36:08.525,frame_000468.png
469,48454682333,2025-10-04T12:36:08.621,frame_000469.png
470,48559098625,2025-10-04T12:36:08.726,frame_000470.png
471,48659928583,2025-10-04T12:36:08.826,frame_000471.png
472,48759536291,2025-10-04T12:36:08.926,frame_000472.png
